file_name,HandShake,DriveCar,FightPerson,Eat,StandUp,SitUp,Kiss,GetOutCar,Run,HugPerson,AnswerPhone,SitDown
actioncliptrain00107,-1,-1,1,-1,-1,-1,-1,-1,-1,-1,-1,-1
actioncliptrain00558,-1,1,-1,-1,-1,-1,-1,-1,-1,-1,-1,-1
actioncliptrain00208,-1,-1,-1,-1,-1,-1,-1,-1,-1,-1,1,-1
actioncliptrain00799,1,-1,-1,-1,-1,-1,-1,-1,-1,-1,-1,-1
actioncliptrain00178,-1,-1,-1,-1,-1,-1,-1,-1,-1,-1,-1,1
actioncliptrain00625,-1,-1,-1,-1,1,-1,-1,-1,-1,-1,-1,-1
actioncliptrain00491,-1,-1,-1,1,-1,-1,-1,-1,-1,-1,-1,-1
actioncliptrain00299,-1,-1,-1,-1,-1,-1,-1,-1,1,-1,-1,-1
actioncliptrain00438,-1,-1,-1,-1,1,-1,-1,-1,-1,-1,-1,-1
actioncliptrain00288,-1,-1,-1,-1,-1,-1,-1,-1,1,-1,-1,-1
actioncliptrain00690,-1,-1,-1,-1,-1,-1,-1,-1,-1,-1,-1,1
actioncliptrain00058,-1,-1,-1,-1,-1,-1,1,-1,-1,-1,-1,-1
actioncliptrain00188,-1,-1,-1,-1,-1,-1,-1,-1,-1,-1,1,-1
actioncliptrain00436,-1,-1,-1,-1,-1,-1,-1,-1,-1,-1,-1,1
actioncliptrain00005,-1,-1,-1,-1,1,-1,-1,-1,-1,-1,-1,-1
actioncliptrain00755,-1,-1,-1,-1,-1,-1,-1,1,-1,-1,-1,-1
actioncliptrain00382,1,-1,-1,-1,-1,-1,-1,-1,-1,-1,-1,-1
actioncliptrain00237,-1,-1,-1,-1,1,-1,-1,-1,-1,-1,-1,-1
actioncliptrain00466,-1,-1,-1,-1,-1,-1,-1,-1,-1,-1,1,-1
actioncliptrain00683,-1,-1,-1,-1,-1,-1,-1,-1,1,-1,-1,-1
actioncliptrain00034,-1,-1,1,-1,-1,-1,-1,-1,-1,-1,-1,-1
actioncliptrain00464,-1,-1,-1,-1,-1,-1,-1,-1,-1,-1,-1,1
actioncliptrain00571,-1,-1,-1,-1,-1,-1,-1,1,-1,-1,-1,-1
actioncliptrain00207,-1,-1,-1,-1,-1,-1,-1,-1,-1,-1,-1,1
actioncliptrain00126,-1,-1,-1,-1,-1,-1,-1,-1,-1,-1,1,-1
actioncliptrain00367,-1,-1,-1,-1,-1,-1,-1,-1,1,-1,-1,-1
actioncliptrain00574,-1,-1,-1,-1,-1,-1,1,-1,-1,-1,-1,-1
actioncliptrain00477,-1,-1,-1,-1,-1,-1,-1,-1,-1,1,-1,-1
actioncliptrain00095,-1,-1,-1,-1,-1,-1,-1,-1,1,-1,-1,-1
actioncliptrain00455,-1,-1,-1,1,-1,-1,-1,-1,-1,-1,-1,-1
actioncliptrain00292,-1,-1,-1,-1,-1,-1,-1,1,-1,-1,-1,-1
actioncliptrain00653,-1,-1,-1,-1,-1,-1,-1,-1,-1,1,-1,-1
actioncliptrain00472,-1,-1,-1,-1,1,-1,-1,-1,1,-1,-1,-1
actioncliptrain00387,-1,-1,-1,-1,-1,-1,-1,-1,1,1,-1,-1
actioncliptrain00600,-1,-1,-1,-1,-1,-1,1,-1,-1,-1,-1,-1
actioncliptrain00703,-1,-1,-1,-1,-1,-1,-1,-1,-1,-1,-1,1
actioncliptrain00494,-1,-1,-1,1,-1,-1,-1,-1,-1,-1,-1,-1
actioncliptrain00314,-1,-1,-1,-1,-1,-1,1,-1,-1,-1,-1,-1
actioncliptrain00671,-1,-1,-1,-1,-1,-1,-1,-1,-1,-1,1,-1
actioncliptrain00774,-1,-1,-1,-1,1,-1,-1,-1,-1,-1,-1,-1
actioncliptrain00293,-1,-1,-1,-1,-1,-1,-1,-1,1,-1,-1,-1
actioncliptrain00009,-1,-1,-1,-1,-1,-1,-1,-1,-1,-1,1,-1
actioncliptrain00384,-1,-1,-1,-1,-1,-1,-1,-1,-1,-1,-1,1
actioncliptrain00410,-1,-1,-1,-1,-1,-1,1,-1,-1,-1,-1,-1
actioncliptrain00704,-1,-1,-1,-1,1,-1,-1,-1,-1,-1,-1,-1
actioncliptrain00408,-1,-1,-1,-1,1,-1,-1,-1,-1,-1,-1,-1
actioncliptrain00282,-1,-1,-1,-1,-1,-1,-1,-1,1,-1,-1,-1
actioncliptrain00286,-1,-1,-1,-1,-1,-1,-1,-1,1,-1,-1,-1
actioncliptrain00731,-1,-1,-1,-1,1,-1,-1,-1,1,-1,-1,-1
actioncliptrain00701,-1,-1,-1,-1,-1,-1,-1,-1,-1,-1,1,-1
actioncliptrain00301,-1,-1,-1,-1,-1,-1,-1,1,-1,-1,-1,-1
actioncliptrain00041,-1,-1,-1,-1,-1,-1,1,-1,-1,-1,-1,-1
actioncliptrain00289,-1,-1,-1,-1,-1,-1,-1,-1,-1,-1,-1,1
actioncliptrain00197,-1,-1,-1,-1,-1,-1,-1,-1,1,-1,-1,-1
actioncliptrain00088,-1,-1,-1,-1,1,1,1,-1,-1,-1,-1,-1
actioncliptrain00601,-1,-1,-1,-1,-1,-1,1,-1,-1,-1,-1,-1
actioncliptrain00548,-1,-1,-1,-1,-1,-1,-1,-1,-1,-1,1,-1
actioncliptrain00456,-1,-1,-1,1,1,-1,-1,-1,-1,-1,-1,-1
actioncliptrain00062,-1,1,-1,-1,-1,-1,-1,-1,-1,-1,-1,-1
actioncliptrain00141,-1,-1,-1,1,-1,-1,-1,-1,-1,-1,-1,-1
actioncliptrain00790,-1,-1,-1,-1,-1,-1,-1,-1,-1,-1,1,-1
actioncliptrain00595,-1,-1,-1,-1,-1,-1,1,-1,-1,-1,-1,-1
actioncliptrain00612,-1,-1,-1,-1,-1,-1,-1,-1,1,-1,-1,-1
actioncliptrain00679,-1,-1,-1,-1,-1,-1,-1,-1,-1,-1,-1,1
actioncliptrain00346,-1,-1,-1,-1,-1,-1,-1,-1,-1,-1,-1,1
actioncliptrain00550,-1,-1,-1,-1,1,-1,-1,-1,-1,-1,-1,-1
actioncliptrain00100,-1,-1,-1,-1,-1,-1,-1,-1,-1,-1,-1,1
actioncliptrain00305,-1,1,-1,-1,-1,-1,-1,-1,-1,-1,-1,-1
actioncliptrain00053,-1,-1,-1,-1,-1,-1,1,-1,-1,-1,-1,-1
actioncliptrain00733,-1,-1,1,-1,-1,-1,-1,-1,1,-1,-1,-1
actioncliptrain00078,-1,-1,-1,1,-1,-1,-1,-1,-1,-1,-1,-1
actioncliptrain00304,-1,1,-1,-1,-1,-1,-1,-1,-1,-1,-1,-1
actioncliptrain00327,-1,1,-1,-1,-1,-1,-1,-1,-1,-1,-1,-1
actioncliptrain00350,-1,-1,-1,-1,-1,-1,-1,-1,-1,-1,-1,1
actioncliptrain00716,-1,-1,-1,-1,1,-1,-1,-1,-1,-1,-1,-1
actioncliptrain00002,-1,1,-1,-1,-1,-1,-1,-1,-1,-1,-1,-1
actioncliptrain00091,-1,-1,-1,-1,1,-1,-1,-1,-1,-1,-1,-1
actioncliptrain00199,-1,-1,-1,-1,-1,-1,-1,-1,1,-1,-1,-1
actioncliptrain00183,-1,-1,-1,-1,-1,-1,1,-1,-1,-1,-1,-1
actioncliptrain00668,-1,1,-1,-1,-1,-1,-1,-1,-1,-1,-1,-1
actioncliptrain00060,-1,1,-1,-1,-1,-1,-1,-1,-1,-1,-1,-1
actioncliptrain00717,-1,-1,-1,-1,-1,-1,-1,-1,-1,-1,1,-1
actioncliptrain00364,-1,-1,-1,-1,-1,-1,-1,-1,1,-1,-1,-1
actioncliptrain00386,-1,-1,-1,-1,1,-1,-1,-1,-1,-1,-1,-1
actioncliptrain00097,-1,-1,-1,-1,-1,-1,1,-1,-1,1,-1,-1
actioncliptrain00493,-1,1,-1,-1,-1,-1,-1,-1,-1,-1,-1,-1
actioncliptrain00785,-1,-1,-1,-1,-1,-1,1,-1,-1,1,-1,-1
actioncliptrain00469,-1,-1,-1,-1,-1,-1,1,-1,-1,-1,-1,-1
actioncliptrain00074,1,-1,-1,-1,-1,-1,-1,-1,-1,-1,-1,-1
actioncliptrain00336,-1,-1,-1,-1,-1,-1,1,-1,-1,-1,-1,-1
actioncliptrain00724,-1,-1,1,-1,-1,-1,-1,-1,-1,-1,-1,-1
actioncliptrain00584,-1,-1,-1,-1,-1,-1,1,-1,-1,-1,-1,-1
actioncliptrain00241,-1,1,-1,-1,-1,-1,-1,1,1,-1,-1,-1
actioncliptrain00186,-1,-1,-1,-1,-1,-1,-1,-1,-1,-1,-1,1
actioncliptrain00452,-1,-1,-1,-1,-1,-1,1,-1,-1,-1,-1,-1
actioncliptrain00802,-1,-1,1,-1,-1,-1,-1,-1,-1,-1,-1,-1
actioncliptrain00224,-1,-1,-1,-1,-1,-1,1,-1,-1,-1,-1,-1
actioncliptrain00043,-1,-1,-1,-1,-1,-1,-1,-1,-1,1,-1,-1
actioncliptrain00640,-1,-1,-1,-1,1,-1,-1,-1,-1,-1,-1,-1
actioncliptrain00063,-1,-1,-1,1,-1,-1,-1,-1,-1,-1,-1,-1
actioncliptrain00479,-1,-1,-1,-1,-1,-1,-1,-1,-1,-1,-1,1
actioncliptrain00352,-1,-1,-1,-1,-1,-1,-1,-1,-1,-1,-1,1
actioncliptrain00628,-1,-1,-1,-1,-1,-1,-1,-1,-1,-1,-1,1
actioncliptrain00303,-1,1,-1,-1,-1,-1,-1,-1,-1,-1,-1,-1
actioncliptrain00803,-1,-1,-1,-1,1,-1,-1,-1,-1,-1,-1,-1
actioncliptrain00635,-1,-1,-1,-1,-1,-1,-1,-1,-1,-1,1,-1
actioncliptrain00551,-1,-1,-1,-1,1,-1,-1,-1,-1,-1,-1,-1
actioncliptrain00037,-1,-1,-1,-1,-1,1,-1,-1,-1,-1,-1,-1
actioncliptrain00120,-1,-1,-1,-1,-1,-1,-1,1,-1,-1,-1,-1
actioncliptrain00728,-1,-1,-1,-1,1,-1,-1,-1,-1,-1,-1,-1
actioncliptrain00254,-1,1,-1,-1,-1,-1,-1,-1,-1,-1,-1,-1
actioncliptrain00459,-1,-1,-1,-1,-1,-1,-1,-1,-1,1,-1,-1
actioncliptrain00484,1,-1,-1,-1,-1,-1,-1,-1,-1,-1,-1,-1
actioncliptrain00187,1,-1,-1,-1,1,-1,-1,-1,-1,-1,-1,-1
actioncliptrain00657,-1,-1,-1,-1,1,-1,-1,-1,-1,-1,-1,-1
actioncliptrain00434,-1,-1,-1,-1,-1,-1,1,-1,-1,-1,-1,-1
actioncliptrain00543,-1,-1,-1,-1,-1,-1,-1,-1,-1,-1,-1,1
actioncliptrain00108,-1,-1,-1,-1,-1,-1,-1,-1,-1,1,-1,-1
actioncliptrain00245,-1,1,-1,-1,-1,-1,-1,-1,-1,-1,-1,-1
actioncliptrain00540,-1,-1,-1,-1,-1,-1,-1,-1,1,-1,-1,-1
actioncliptrain00035,-1,-1,-1,-1,-1,1,-1,-1,-1,-1,-1,-1
actioncliptrain00545,-1,-1,-1,-1,1,-1,-1,-1,-1,-1,-1,-1
actioncliptrain00565,-1,1,-1,-1,-1,-1,-1,-1,-1,-1,-1,-1
actioncliptrain00039,-1,-1,-1,-1,-1,-1,-1,-1,-1,1,-1,-1
actioncliptrain00340,-1,-1,-1,-1,-1,-1,-1,-1,-1,-1,1,-1
actioncliptrain00757,-1,-1,-1,-1,-1,-1,-1,-1,-1,-1,1,-1
actioncliptrain00071,-1,-1,-1,-1,-1,-1,-1,-1,-1,-1,1,-1
actioncliptrain00155,-1,-1,-1,-1,-1,-1,-1,-1,-1,-1,-1,1
actioncliptrain00699,-1,-1,-1,-1,-1,-1,-1,-1,-1,-1,-1,1
actioncliptrain00462,-1,-1,-1,-1,-1,-1,-1,1,-1,-1,-1,-1
actioncliptrain00121,-1,-1,-1,-1,-1,-1,-1,1,-1,-1,-1,-1
actioncliptrain00587,-1,-1,1,-1,-1,-1,-1,-1,-1,-1,-1,-1
actioncliptrain00052,-1,-1,-1,-1,1,-1,-1,-1,-1,-1,-1,-1
actioncliptrain00792,-1,-1,-1,-1,-1,-1,-1,-1,-1,-1,1,-1
actioncliptrain00209,-1,-1,-1,-1,1,-1,-1,-1,-1,-1,-1,1
actioncliptrain00294,-1,-1,1,-1,-1,-1,-1,-1,-1,-1,-1,-1
actioncliptrain00397,-1,-1,-1,-1,-1,-1,-1,-1,1,-1,-1,-1
actioncliptrain00297,-1,1,-1,-1,-1,-1,-1,-1,-1,-1,-1,-1
actioncliptrain00251,-1,-1,-1,-1,-1,-1,-1,-1,-1,1,-1,-1
actioncliptrain00531,-1,-1,-1,-1,-1,-1,1,-1,-1,-1,-1,-1
actioncliptrain00179,-1,-1,-1,-1,-1,-1,-1,-1,-1,-1,-1,1
actioncliptrain00604,-1,-1,-1,-1,-1,-1,1,-1,-1,-1,-1,-1
actioncliptrain00061,-1,-1,-1,-1,-1,-1,-1,-1,-1,-1,-1,1
actioncliptrain00581,1,-1,-1,-1,-1,-1,-1,-1,-1,-1,-1,-1
actioncliptrain00268,1,-1,-1,-1,-1,-1,-1,-1,-1,-1,-1,-1
actioncliptrain00225,-1,-1,-1,-1,-1,-1,1,-1,-1,-1,-1,-1
actioncliptrain00517,-1,1,-1,-1,-1,-1,-1,-1,-1,-1,-1,-1
actioncliptrain00133,-1,-1,1,-1,-1,-1,-1,-1,-1,-1,-1,-1
actioncliptrain00389,-1,-1,-1,-1,-1,-1,-1,-1,1,-1,-1,-1
actioncliptrain00157,-1,-1,-1,-1,-1,-1,-1,-1,-1,-1,-1,1
actioncliptrain00253,-1,-1,-1,-1,-1,-1,-1,-1,-1,-1,-1,1
actioncliptrain00505,-1,-1,-1,-1,-1,1,-1,-1,-1,-1,-1,-1
actioncliptrain00392,-1,-1,-1,-1,-1,-1,-1,-1,1,-1,-1,-1
actioncliptrain00164,-1,-1,-1,-1,-1,-1,1,-1,-1,-1,-1,-1
actioncliptrain00300,-1,1,-1,-1,-1,-1,-1,-1,-1,-1,-1,-1
actioncliptrain00509,-1,-1,-1,-1,-1,-1,1,-1,-1,-1,-1,-1
actioncliptrain00474,-1,-1,-1,-1,-1,-1,1,-1,-1,-1,-1,-1
actioncliptrain00231,-1,-1,-1,-1,-1,-1,1,-1,-1,-1,-1,-1
actioncliptrain00680,-1,-1,-1,-1,-1,-1,-1,-1,1,-1,-1,-1
actioncliptrain00332,-1,-1,-1,-1,-1,-1,-1,1,-1,-1,-1,-1
actioncliptrain00169,1,-1,-1,-1,-1,-1,-1,-1,-1,-1,-1,-1
actioncliptrain00246,1,-1,-1,-1,-1,-1,-1,-1,-1,-1,-1,-1
actioncliptrain00712,-1,-1,-1,-1,1,-1,-1,-1,-1,-1,-1,-1
actioncliptrain00075,-1,1,-1,-1,-1,-1,-1,-1,-1,-1,-1,-1
actioncliptrain00737,-1,-1,-1,-1,1,-1,-1,-1,-1,-1,-1,-1
actioncliptrain00330,-1,-1,-1,-1,1,-1,-1,-1,-1,-1,-1,-1
actioncliptrain00513,-1,-1,-1,-1,-1,-1,1,-1,-1,-1,-1,-1
actioncliptrain00791,-1,-1,-1,-1,-1,-1,-1,-1,-1,-1,1,-1
actioncliptrain00159,-1,-1,-1,-1,-1,-1,-1,-1,-1,-1,-1,1
actioncliptrain00015,-1,-1,-1,-1,-1,1,-1,-1,-1,-1,-1,-1
actioncliptrain00549,-1,-1,-1,-1,-1,-1,-1,-1,-1,-1,1,-1
actioncliptrain00746,-1,-1,-1,-1,-1,-1,-1,1,-1,-1,-1,-1
actioncliptrain00335,-1,-1,-1,-1,-1,-1,-1,1,-1,-1,-1,-1
actioncliptrain00160,-1,-1,-1,-1,-1,-1,-1,-1,-1,-1,-1,1
actioncliptrain00087,-1,-1,-1,-1,-1,-1,-1,-1,1,-1,-1,-1
actioncliptrain00608,-1,-1,-1,-1,-1,-1,1,-1,-1,-1,-1,-1
actioncliptrain00499,-1,-1,-1,-1,-1,-1,-1,-1,1,-1,-1,-1
actioncliptrain00681,-1,-1,-1,-1,-1,-1,-1,-1,1,-1,-1,-1
actioncliptrain00068,-1,-1,-1,-1,-1,-1,-1,-1,-1,-1,1,-1
actioncliptrain00727,-1,-1,-1,-1,-1,-1,-1,-1,-1,-1,-1,1
actioncliptrain00321,-1,-1,-1,-1,-1,-1,-1,-1,-1,1,-1,-1
actioncliptrain00643,-1,-1,-1,-1,-1,-1,-1,-1,1,-1,-1,-1
actioncliptrain00363,-1,-1,-1,-1,-1,-1,-1,-1,1,-1,-1,-1
actioncliptrain00114,-1,-1,1,-1,-1,-1,-1,-1,-1,-1,-1,-1
actioncliptrain00448,-1,-1,-1,-1,-1,-1,-1,-1,-1,-1,-1,1
actioncliptrain00754,-1,-1,-1,1,-1,-1,-1,-1,-1,-1,-1,-1
actioncliptrain00453,-1,-1,-1,1,-1,-1,-1,-1,-1,-1,-1,-1
actioncliptrain00495,-1,1,-1,-1,-1,-1,-1,-1,-1,-1,-1,-1
actioncliptrain00161,-1,-1,-1,-1,-1,-1,-1,-1,-1,-1,-1,1
actioncliptrain00406,-1,-1,-1,-1,1,1,-1,-1,-1,-1,-1,-1
actioncliptrain00076,-1,-1,-1,-1,-1,-1,-1,-1,-1,-1,1,-1
actioncliptrain00667,-1,-1,-1,-1,-1,-1,-1,-1,-1,-1,-1,1
actioncliptrain00463,-1,-1,-1,1,-1,-1,-1,-1,-1,-1,-1,-1
actioncliptrain00819,-1,-1,-1,-1,1,-1,-1,-1,-1,-1,1,-1
actioncliptrain00533,-1,-1,1,-1,-1,-1,-1,-1,-1,-1,-1,-1
actioncliptrain00526,-1,1,-1,-1,-1,-1,-1,-1,-1,-1,-1,-1
actioncliptrain00174,-1,-1,-1,-1,-1,-1,-1,-1,-1,1,-1,-1
actioncliptrain00082,-1,-1,1,-1,-1,-1,-1,-1,-1,-1,-1,-1
actioncliptrain00255,-1,-1,-1,-1,1,-1,-1,-1,-1,-1,-1,-1
actioncliptrain00362,-1,-1,-1,-1,-1,-1,-1,-1,1,-1,-1,-1
actioncliptrain00403,-1,-1,-1,-1,-1,-1,-1,-1,1,-1,-1,-1
actioncliptrain00249,-1,1,-1,-1,-1,-1,-1,-1,-1,-1,-1,-1
actioncliptrain00099,1,-1,-1,-1,1,-1,-1,-1,-1,-1,-1,-1
actioncliptrain00191,-1,-1,-1,-1,-1,-1,-1,-1,-1,-1,1,-1
actioncliptrain00125,-1,-1,1,-1,-1,-1,-1,-1,-1,-1,-1,1
actioncliptrain00794,-1,-1,-1,-1,-1,-1,-1,-1,-1,-1,1,-1
actioncliptrain00602,-1,-1,-1,-1,-1,-1,-1,-1,-1,-1,-1,1
actioncliptrain00331,-1,1,-1,-1,-1,-1,-1,-1,-1,-1,-1,-1
actioncliptrain00523,-1,-1,-1,-1,-1,-1,-1,-1,-1,-1,1,-1
actioncliptrain00309,-1,1,-1,-1,-1,-1,-1,-1,-1,-1,-1,-1
actioncliptrain00427,-1,-1,-1,-1,-1,-1,-1,-1,1,-1,-1,-1
actioncliptrain00201,-1,-1,1,-1,-1,-1,-1,-1,-1,-1,-1,-1
actioncliptrain00424,-1,-1,-1,-1,-1,-1,-1,-1,1,-1,-1,-1
actioncliptrain00344,-1,-1,-1,-1,-1,-1,1,-1,-1,-1,-1,-1
actioncliptrain00804,-1,-1,1,-1,-1,-1,-1,-1,-1,-1,-1,-1
actioncliptrain00440,-1,-1,-1,-1,-1,-1,-1,-1,-1,-1,-1,1
actioncliptrain00242,1,-1,-1,-1,-1,-1,-1,-1,-1,-1,-1,-1
actioncliptrain00390,-1,-1,-1,-1,-1,-1,-1,-1,1,-1,-1,-1
actioncliptrain00511,-1,-1,-1,-1,-1,-1,-1,-1,1,-1,-1,-1
actioncliptrain00320,-1,-1,-1,-1,-1,-1,1,-1,-1,1,-1,-1
actioncliptrain00606,-1,-1,-1,-1,-1,-1,1,-1,-1,-1,-1,-1
actioncliptrain00480,-1,-1,-1,-1,1,-1,-1,-1,-1,-1,-1,-1
actioncliptrain00721,-1,-1,-1,-1,-1,-1,-1,-1,1,-1,-1,-1
actioncliptrain00631,-1,-1,-1,-1,-1,-1,1,-1,-1,1,-1,-1
actioncliptrain00051,-1,-1,-1,-1,-1,-1,-1,-1,-1,-1,-1,1
actioncliptrain00198,-1,-1,-1,-1,-1,-1,-1,-1,-1,-1,1,-1
actioncliptrain00775,-1,-1,-1,-1,-1,-1,1,-1,-1,1,-1,-1
actioncliptrain00354,-1,-1,-1,-1,1,-1,-1,-1,-1,-1,-1,-1
actioncliptrain00450,-1,-1,-1,-1,-1,-1,-1,-1,-1,-1,1,-1
actioncliptrain00036,-1,-1,-1,-1,-1,-1,1,-1,-1,-1,-1,-1
actioncliptrain00129,-1,-1,-1,-1,-1,-1,1,-1,-1,-1,-1,-1
actioncliptrain00580,-1,-1,1,-1,-1,-1,-1,-1,-1,-1,-1,-1
actioncliptrain00652,-1,-1,-1,-1,-1,-1,-1,-1,-1,-1,-1,1
actioncliptrain00044,-1,-1,-1,-1,-1,-1,-1,-1,-1,-1,-1,1
actioncliptrain00688,-1,-1,-1,-1,-1,-1,-1,1,-1,-1,-1,-1
actioncliptrain00273,-1,-1,-1,-1,1,-1,-1,-1,-1,-1,-1,-1
actioncliptrain00366,-1,1,-1,-1,-1,-1,-1,-1,1,-1,-1,-1
actioncliptrain00171,-1,-1,-1,-1,1,-1,-1,-1,-1,-1,-1,-1
actioncliptrain00379,1,-1,-1,-1,-1,-1,-1,-1,-1,-1,-1,-1
actioncliptrain00664,-1,-1,-1,-1,-1,-1,-1,-1,-1,1,-1,-1
actioncliptrain00377,-1,-1,-1,-1,-1,-1,-1,-1,1,-1,-1,-1
actioncliptrain00665,-1,-1,-1,1,-1,-1,-1,-1,-1,-1,-1,-1
actioncliptrain00083,-1,1,-1,-1,-1,-1,-1,-1,-1,-1,-1,-1
actioncliptrain00361,-1,-1,-1,-1,-1,-1,-1,-1,1,-1,-1,-1
actioncliptrain00610,-1,-1,-1,-1,-1,-1,1,-1,-1,-1,-1,-1
actioncliptrain00411,-1,-1,-1,-1,1,-1,1,-1,-1,-1,-1,-1
actioncliptrain00371,-1,-1,-1,-1,-1,-1,-1,-1,1,-1,-1,-1
actioncliptrain00815,-1,-1,1,-1,-1,-1,-1,-1,-1,-1,-1,-1
actioncliptrain00475,-1,-1,1,-1,-1,-1,-1,-1,-1,-1,-1,-1
actioncliptrain00048,-1,-1,-1,-1,1,-1,-1,-1,-1,-1,-1,-1
actioncliptrain00719,-1,-1,-1,-1,-1,-1,-1,1,-1,-1,-1,-1
actioncliptrain00696,1,-1,-1,-1,-1,-1,1,-1,-1,1,-1,-1
actioncliptrain00510,-1,-1,-1,-1,-1,-1,-1,-1,-1,1,-1,-1
actioncliptrain00732,-1,-1,1,-1,-1,-1,-1,-1,1,-1,-1,-1
actioncliptrain00764,-1,-1,1,-1,-1,-1,-1,-1,-1,-1,-1,-1
actioncliptrain00506,-1,-1,-1,-1,1,-1,-1,-1,-1,-1,-1,-1
actioncliptrain00556,-1,-1,-1,-1,1,-1,-1,-1,-1,-1,-1,-1
actioncliptrain00647,-1,1,-1,-1,-1,-1,-1,-1,-1,-1,-1,-1
actioncliptrain00420,-1,-1,-1,-1,-1,-1,-1,-1,1,-1,-1,-1
actioncliptrain00678,-1,-1,-1,-1,-1,-1,-1,1,-1,-1,-1,-1
actioncliptrain00380,1,-1,-1,-1,-1,-1,-1,-1,-1,-1,-1,-1
actioncliptrain00385,-1,-1,-1,-1,-1,-1,-1,-1,-1,-1,-1,1
actioncliptrain00357,-1,-1,-1,-1,-1,-1,-1,-1,-1,-1,-1,1
actioncliptrain00355,-1,-1,-1,1,-1,-1,-1,-1,-1,-1,-1,-1
actioncliptrain00473,-1,-1,-1,-1,-1,-1,1,-1,-1,-1,-1,-1
actioncliptrain00079,-1,1,-1,-1,-1,-1,-1,-1,-1,-1,-1,-1
actioncliptrain00167,-1,-1,-1,-1,-1,-1,-1,-1,-1,-1,-1,1
actioncliptrain00145,-1,-1,-1,-1,-1,-1,-1,-1,-1,1,-1,-1
actioncliptrain00648,-1,1,-1,-1,-1,-1,-1,-1,-1,-1,-1,-1
actioncliptrain00796,-1,-1,-1,-1,-1,-1,-1,-1,-1,1,-1,-1
actioncliptrain00700,-1,-1,-1,-1,-1,-1,-1,-1,-1,-1,1,1
actioncliptrain00077,-1,-1,-1,-1,-1,-1,-1,-1,1,-1,-1,-1
actioncliptrain00534,-1,-1,-1,-1,-1,-1,-1,-1,1,-1,-1,-1
actioncliptrain00070,-1,-1,-1,-1,-1,-1,-1,-1,-1,-1,1,-1
actioncliptrain00753,-1,-1,-1,-1,-1,-1,-1,-1,-1,-1,-1,1
actioncliptrain00374,-1,-1,1,-1,-1,-1,-1,1,-1,-1,-1,-1
actioncliptrain00212,-1,-1,-1,-1,-1,-1,-1,-1,1,-1,-1,-1
actioncliptrain00685,-1,-1,-1,-1,-1,-1,-1,-1,1,-1,-1,-1
actioncliptrain00603,-1,-1,-1,-1,-1,-1,1,-1,-1,-1,-1,-1
actioncliptrain00660,-1,-1,1,-1,-1,-1,-1,-1,-1,-1,-1,-1
actioncliptrain00740,-1,-1,-1,-1,-1,-1,1,-1,-1,1,-1,-1
actioncliptrain00720,-1,-1,-1,-1,1,-1,-1,-1,-1,-1,-1,-1
actioncliptrain00152,-1,-1,-1,-1,-1,-1,-1,-1,-1,-1,-1,1
actioncliptrain00577,-1,-1,-1,-1,-1,-1,-1,-1,-1,1,-1,-1
actioncliptrain00337,-1,-1,-1,-1,-1,-1,-1,1,-1,-1,-1,-1
actioncliptrain00234,-1,-1,1,-1,-1,-1,-1,-1,-1,-1,-1,-1
actioncliptrain00821,-1,-1,-1,-1,-1,1,-1,-1,-1,-1,-1,-1
actioncliptrain00021,-1,-1,-1,-1,-1,-1,-1,-1,-1,-1,-1,1
actioncliptrain00512,-1,-1,-1,-1,1,-1,-1,-1,-1,-1,-1,-1
actioncliptrain00562,-1,-1,-1,-1,-1,-1,-1,1,-1,-1,-1,-1
actioncliptrain00779,-1,-1,-1,1,-1,-1,-1,-1,-1,-1,-1,-1
actioncliptrain00280,-1,-1,-1,-1,1,-1,-1,-1,-1,-1,-1,-1
actioncliptrain00096,-1,-1,-1,-1,1,-1,-1,-1,-1,-1,-1,-1
actioncliptrain00016,-1,-1,-1,-1,-1,1,-1,-1,-1,-1,-1,-1
actioncliptrain00655,-1,-1,-1,-1,-1,-1,-1,-1,1,-1,-1,-1
actioncliptrain00777,-1,-1,-1,-1,-1,1,-1,-1,-1,-1,-1,-1
actioncliptrain00014,-1,-1,-1,-1,-1,-1,-1,-1,1,-1,-1,-1
actioncliptrain00182,-1,-1,-1,-1,-1,-1,-1,-1,-1,1,-1,-1
actioncliptrain00426,-1,-1,-1,-1,-1,-1,-1,-1,1,-1,-1,-1
actioncliptrain00402,1,-1,-1,-1,-1,-1,-1,-1,-1,-1,-1,-1
actioncliptrain00233,-1,-1,-1,-1,-1,-1,-1,-1,-1,-1,-1,1
actioncliptrain00383,-1,-1,1,-1,-1,-1,-1,-1,-1,-1,-1,-1
actioncliptrain00166,-1,-1,-1,-1,-1,-1,1,-1,-1,-1,-1,-1
actioncliptrain00003,-1,-1,-1,-1,-1,-1,-1,1,-1,-1,-1,-1
actioncliptrain00429,-1,-1,-1,1,-1,-1,-1,-1,-1,-1,-1,-1
actioncliptrain00607,-1,-1,-1,-1,-1,-1,1,-1,-1,-1,-1,-1
actioncliptrain00124,-1,-1,-1,-1,-1,-1,1,-1,-1,-1,-1,-1
actioncliptrain00445,-1,1,-1,-1,-1,-1,-1,-1,-1,-1,-1,-1
actioncliptrain00457,-1,-1,-1,-1,-1,-1,-1,-1,-1,-1,-1,1
actioncliptrain00376,-1,-1,-1,-1,-1,-1,1,-1,-1,1,-1,-1
actioncliptrain00348,-1,-1,-1,-1,-1,-1,-1,-1,-1,-1,1,-1
actioncliptrain00117,-1,-1,-1,-1,1,-1,-1,-1,-1,-1,-1,-1
actioncliptrain00094,-1,-1,-1,-1,-1,-1,-1,1,-1,-1,-1,-1
actioncliptrain00081,-1,1,-1,-1,-1,-1,-1,-1,-1,-1,-1,-1
actioncliptrain00583,-1,-1,-1,-1,-1,-1,1,-1,-1,-1,-1,-1
actioncliptrain00067,-1,-1,-1,-1,-1,-1,1,-1,-1,-1,-1,-1
actioncliptrain00616,-1,-1,-1,-1,1,-1,-1,-1,-1,-1,-1,-1
actioncliptrain00786,-1,-1,-1,-1,-1,-1,1,-1,-1,1,-1,-1
actioncliptrain00131,-1,-1,1,-1,-1,-1,-1,-1,-1,-1,-1,-1
actioncliptrain00443,-1,-1,-1,-1,-1,-1,-1,1,-1,-1,-1,-1
actioncliptrain00370,-1,-1,-1,-1,-1,-1,-1,-1,1,-1,-1,-1
actioncliptrain00589,-1,-1,-1,-1,-1,-1,1,-1,-1,-1,-1,-1
actioncliptrain00203,-1,-1,-1,-1,-1,-1,1,-1,-1,-1,-1,-1
actioncliptrain00170,-1,-1,-1,-1,1,-1,-1,-1,-1,-1,-1,-1
actioncliptrain00706,-1,-1,-1,-1,-1,-1,-1,1,-1,-1,-1,-1
actioncliptrain00027,-1,1,-1,-1,-1,-1,-1,-1,-1,-1,-1,-1
actioncliptrain00425,-1,-1,-1,-1,-1,-1,-1,-1,1,-1,-1,-1
actioncliptrain00050,-1,-1,-1,-1,-1,-1,-1,-1,-1,-1,1,-1
actioncliptrain00236,-1,-1,1,-1,-1,-1,-1,-1,-1,-1,-1,-1
actioncliptrain00270,-1,-1,-1,-1,-1,-1,-1,-1,-1,1,-1,-1
actioncliptrain00240,-1,1,-1,-1,-1,-1,-1,-1,-1,-1,-1,-1
actioncliptrain00765,-1,-1,-1,-1,1,-1,-1,-1,-1,-1,-1,-1
actioncliptrain00247,-1,-1,-1,-1,-1,-1,1,-1,-1,-1,-1,-1
actioncliptrain00038,-1,-1,-1,-1,1,-1,-1,-1,-1,-1,-1,-1
actioncliptrain00781,-1,-1,-1,-1,-1,-1,-1,-1,-1,-1,-1,1
actioncliptrain00778,-1,-1,-1,-1,-1,-1,-1,-1,-1,-1,1,-1
actioncliptrain00020,-1,-1,-1,-1,-1,-1,-1,-1,-1,-1,-1,1
actioncliptrain00143,-1,-1,-1,-1,1,-1,-1,-1,-1,-1,-1,-1
actioncliptrain00444,-1,-1,-1,-1,-1,-1,-1,-1,-1,-1,1,-1
actioncliptrain00381,1,-1,-1,-1,-1,-1,-1,-1,-1,-1,-1,-1
actioncliptrain00295,-1,-1,-1,-1,1,-1,-1,-1,-1,-1,-1,-1
actioncliptrain00306,-1,1,-1,-1,-1,-1,-1,-1,-1,-1,-1,-1
actioncliptrain00582,-1,-1,-1,-1,1,-1,-1,-1,-1,-1,-1,-1
actioncliptrain00319,-1,-1,-1,-1,-1,-1,-1,-1,-1,-1,-1,1
actioncliptrain00105,-1,-1,-1,-1,-1,-1,1,-1,-1,-1,-1,-1
actioncliptrain00673,-1,1,-1,-1,-1,-1,-1,-1,-1,-1,-1,-1
actioncliptrain00525,-1,1,-1,-1,-1,-1,-1,-1,-1,-1,-1,-1
actioncliptrain00395,-1,-1,-1,-1,-1,-1,-1,-1,1,-1,-1,-1
actioncliptrain00567,-1,-1,-1,-1,1,-1,-1,-1,-1,-1,-1,-1
actioncliptrain00651,-1,-1,-1,-1,1,-1,-1,-1,-1,-1,-1,-1
actioncliptrain00766,-1,-1,-1,-1,-1,-1,-1,-1,1,-1,-1,-1
actioncliptrain00642,-1,-1,-1,-1,-1,-1,-1,-1,-1,-1,-1,1
actioncliptrain00265,-1,-1,-1,1,-1,-1,-1,-1,-1,-1,-1,-1
actioncliptrain00490,-1,-1,-1,-1,-1,-1,1,-1,-1,-1,-1,-1
actioncliptrain00277,-1,-1,-1,1,-1,-1,-1,-1,-1,-1,-1,1
actioncliptrain00243,-1,-1,-1,-1,-1,-1,-1,-1,1,-1,-1,-1
actioncliptrain00553,-1,-1,-1,-1,-1,-1,-1,-1,-1,-1,-1,1
actioncliptrain00084,-1,-1,-1,-1,-1,-1,-1,1,-1,-1,-1,-1
actioncliptrain00707,-1,-1,-1,-1,-1,-1,-1,1,-1,-1,-1,-1
actioncliptrain00142,-1,-1,-1,1,-1,-1,-1,-1,-1,-1,-1,-1
actioncliptrain00806,-1,-1,-1,-1,-1,-1,-1,-1,-1,-1,1,-1
actioncliptrain00029,-1,-1,-1,-1,-1,-1,-1,-1,1,-1,-1,-1
actioncliptrain00398,-1,-1,-1,-1,-1,-1,-1,-1,1,-1,-1,-1
actioncliptrain00788,-1,-1,-1,-1,-1,-1,-1,-1,-1,-1,-1,1
actioncliptrain00708,-1,-1,-1,-1,1,-1,-1,-1,-1,-1,-1,-1
actioncliptrain00573,1,-1,-1,-1,-1,-1,-1,-1,-1,-1,-1,-1
actioncliptrain00147,-1,-1,-1,-1,-1,-1,-1,-1,-1,-1,1,-1
actioncliptrain00767,-1,-1,-1,-1,1,-1,-1,-1,-1,-1,-1,-1
actioncliptrain00722,-1,-1,-1,-1,-1,-1,-1,-1,1,-1,-1,-1
actioncliptrain00257,-1,-1,-1,-1,-1,-1,-1,-1,1,-1,-1,-1
actioncliptrain00535,-1,-1,-1,-1,-1,-1,-1,-1,1,-1,-1,-1
actioncliptrain00442,-1,-1,-1,-1,-1,-1,-1,1,-1,-1,-1,-1
actioncliptrain00334,-1,1,-1,-1,-1,-1,-1,-1,-1,-1,-1,-1
actioncliptrain00743,-1,-1,-1,-1,-1,-1,-1,1,-1,-1,-1,-1
actioncliptrain00140,-1,1,-1,-1,-1,-1,-1,-1,-1,-1,-1,-1
actioncliptrain00675,-1,-1,-1,-1,1,-1,-1,-1,-1,-1,-1,-1
actioncliptrain00500,-1,1,-1,-1,-1,-1,-1,-1,-1,-1,-1,-1
actioncliptrain00524,-1,-1,-1,-1,-1,-1,-1,-1,1,-1,-1,-1
actioncliptrain00290,-1,-1,-1,-1,-1,-1,-1,-1,-1,-1,1,-1
actioncliptrain00498,-1,-1,-1,-1,-1,-1,-1,-1,1,-1,-1,-1
actioncliptrain00769,-1,-1,-1,-1,-1,-1,1,-1,-1,-1,-1,-1
actioncliptrain00072,-1,-1,-1,-1,-1,-1,1,-1,-1,-1,-1,-1
actioncliptrain00165,-1,-1,-1,-1,-1,-1,1,-1,-1,-1,-1,-1
actioncliptrain00139,-1,-1,-1,-1,-1,-1,1,-1,-1,-1,-1,-1
actioncliptrain00508,-1,-1,-1,-1,1,-1,-1,-1,-1,-1,-1,-1
actioncliptrain00369,-1,-1,-1,-1,-1,-1,-1,-1,1,-1,-1,-1
actioncliptrain00365,-1,-1,-1,-1,-1,-1,-1,-1,-1,1,-1,-1
actioncliptrain00536,-1,-1,-1,-1,-1,-1,-1,-1,-1,-1,1,-1
actioncliptrain00736,-1,-1,1,-1,-1,-1,-1,-1,1,-1,-1,-1
actioncliptrain00705,-1,-1,-1,-1,-1,-1,-1,-1,-1,-1,-1,1
actioncliptrain00093,-1,1,-1,-1,-1,-1,-1,-1,-1,-1,-1,-1
actioncliptrain00812,-1,-1,1,-1,-1,-1,-1,-1,-1,-1,-1,-1
actioncliptrain00401,-1,-1,-1,-1,-1,1,-1,-1,-1,-1,-1,-1
actioncliptrain00296,-1,-1,-1,-1,-1,-1,1,-1,-1,1,-1,-1
actioncliptrain00196,-1,-1,1,-1,-1,-1,-1,-1,-1,-1,-1,-1
actioncliptrain00645,-1,-1,-1,-1,-1,-1,-1,-1,1,-1,-1,-1
actioncliptrain00103,-1,-1,-1,-1,1,-1,-1,-1,-1,-1,-1,-1
actioncliptrain00069,-1,-1,-1,-1,-1,-1,-1,-1,1,-1,-1,-1
actioncliptrain00465,-1,-1,-1,1,-1,-1,-1,-1,-1,-1,-1,-1
actioncliptrain00697,-1,-1,-1,-1,-1,-1,-1,-1,1,-1,-1,-1
actioncliptrain00115,-1,-1,-1,-1,-1,1,-1,-1,-1,-1,-1,-1
actioncliptrain00056,-1,-1,-1,-1,-1,-1,1,-1,-1,-1,-1,-1
actioncliptrain00150,-1,-1,-1,-1,-1,-1,-1,-1,-1,-1,-1,1
actioncliptrain00432,-1,-1,-1,-1,-1,-1,-1,-1,-1,-1,-1,1
actioncliptrain00666,-1,1,-1,-1,-1,-1,-1,-1,-1,-1,-1,-1
actioncliptrain00338,-1,-1,-1,-1,-1,-1,1,-1,-1,-1,-1,-1
actioncliptrain00345,-1,-1,-1,-1,1,-1,-1,-1,-1,-1,-1,-1
actioncliptrain00220,-1,-1,-1,-1,-1,-1,-1,-1,1,-1,-1,-1
actioncliptrain00590,-1,-1,-1,-1,-1,-1,1,-1,-1,-1,-1,-1
actioncliptrain00564,-1,-1,-1,-1,-1,-1,-1,-1,-1,-1,1,-1
actioncliptrain00758,-1,-1,-1,-1,-1,-1,-1,-1,-1,-1,1,-1
actioncliptrain00011,-1,-1,-1,-1,-1,-1,1,-1,-1,-1,-1,-1
actioncliptrain00816,-1,-1,-1,-1,1,-1,-1,-1,-1,-1,1,-1
actioncliptrain00597,-1,1,-1,-1,-1,-1,-1,-1,-1,-1,-1,-1
actioncliptrain00177,-1,-1,-1,-1,1,-1,-1,-1,-1,-1,-1,-1
actioncliptrain00127,-1,-1,-1,-1,-1,-1,-1,-1,-1,1,-1,-1
actioncliptrain00318,-1,-1,-1,-1,-1,-1,-1,-1,-1,-1,-1,1
actioncliptrain00421,-1,-1,-1,-1,-1,-1,-1,-1,1,-1,-1,-1
actioncliptrain00065,-1,-1,-1,-1,-1,-1,-1,-1,-1,-1,1,-1
actioncliptrain00417,-1,-1,-1,-1,-1,-1,-1,-1,1,-1,-1,-1
actioncliptrain00566,-1,-1,-1,-1,1,-1,-1,-1,-1,-1,-1,-1
actioncliptrain00151,-1,-1,-1,-1,-1,-1,-1,-1,-1,-1,-1,1
actioncliptrain00751,-1,1,-1,-1,-1,-1,-1,-1,-1,-1,-1,-1
actioncliptrain00356,-1,-1,-1,-1,1,-1,-1,-1,-1,-1,-1,-1
actioncliptrain00189,-1,-1,-1,-1,-1,-1,-1,1,-1,-1,-1,-1
actioncliptrain00807,-1,-1,-1,-1,-1,1,-1,-1,-1,-1,-1,-1
actioncliptrain00396,-1,-1,-1,-1,-1,1,-1,-1,-1,-1,-1,-1
actioncliptrain00098,-1,-1,-1,-1,-1,-1,-1,-1,-1,-1,-1,1
actioncliptrain00012,-1,-1,-1,-1,-1,-1,1,-1,-1,-1,-1,-1
actioncliptrain00353,-1,-1,-1,-1,-1,-1,-1,-1,-1,1,-1,-1
actioncliptrain00202,-1,-1,-1,-1,-1,-1,-1,-1,-1,-1,-1,1
actioncliptrain00267,1,-1,-1,-1,-1,-1,-1,-1,-1,-1,-1,-1
actioncliptrain00006,-1,-1,-1,-1,1,-1,-1,-1,-1,-1,-1,-1
actioncliptrain00388,-1,-1,-1,-1,1,-1,-1,-1,1,-1,-1,-1
actioncliptrain00049,-1,-1,-1,-1,1,-1,-1,-1,-1,-1,-1,-1
actioncliptrain00122,-1,-1,-1,-1,-1,-1,-1,-1,-1,1,-1,-1
actioncliptrain00026,-1,-1,1,-1,-1,-1,-1,-1,-1,-1,-1,-1
actioncliptrain00768,-1,-1,-1,-1,-1,-1,1,-1,-1,1,-1,-1
actioncliptrain00298,-1,1,-1,-1,-1,-1,-1,-1,-1,-1,-1,-1
actioncliptrain00422,-1,-1,-1,-1,-1,-1,-1,-1,1,-1,-1,-1
actioncliptrain00773,-1,-1,-1,-1,-1,-1,-1,-1,-1,-1,1,-1
actioncliptrain00284,-1,-1,-1,-1,-1,-1,-1,1,-1,-1,-1,-1
actioncliptrain00718,-1,-1,-1,-1,-1,-1,-1,-1,1,-1,-1,-1
actioncliptrain00776,-1,-1,-1,-1,-1,-1,-1,-1,-1,-1,-1,1
actioncliptrain00501,-1,1,-1,-1,-1,-1,-1,-1,-1,-1,-1,-1
actioncliptrain00116,-1,-1,-1,-1,-1,-1,-1,-1,1,-1,-1,-1
actioncliptrain00057,-1,-1,-1,-1,-1,-1,-1,-1,-1,1,-1,-1
actioncliptrain00279,-1,-1,-1,-1,-1,-1,-1,-1,-1,1,-1,-1
actioncliptrain00146,-1,-1,-1,-1,-1,-1,-1,-1,-1,-1,1,-1
actioncliptrain00228,-1,-1,-1,-1,-1,-1,-1,1,-1,-1,-1,-1
actioncliptrain00206,-1,-1,-1,-1,-1,-1,-1,-1,1,-1,-1,-1
actioncliptrain00729,-1,-1,-1,-1,-1,-1,1,-1,-1,1,-1,-1
actioncliptrain00307,-1,1,-1,-1,-1,-1,-1,-1,-1,-1,-1,-1
actioncliptrain00789,-1,-1,-1,-1,-1,-1,-1,-1,-1,-1,1,-1
actioncliptrain00045,-1,-1,-1,-1,-1,-1,1,-1,-1,-1,-1,-1
actioncliptrain00123,-1,-1,-1,-1,-1,-1,-1,-1,1,-1,-1,-1
actioncliptrain00315,-1,-1,-1,-1,-1,-1,1,-1,-1,-1,-1,-1
actioncliptrain00646,-1,-1,-1,-1,-1,1,-1,-1,-1,-1,-1,-1
actioncliptrain00519,-1,1,-1,-1,-1,-1,-1,-1,-1,-1,-1,-1
actioncliptrain00433,-1,-1,-1,-1,-1,-1,1,-1,-1,-1,-1,-1
actioncliptrain00347,-1,1,-1,-1,-1,-1,-1,-1,-1,-1,-1,-1
actioncliptrain00032,-1,-1,-1,-1,1,-1,-1,-1,-1,-1,-1,-1
actioncliptrain00205,-1,-1,-1,-1,-1,-1,-1,-1,1,-1,-1,-1
actioncliptrain00622,-1,1,-1,-1,-1,-1,-1,-1,-1,-1,-1,-1
actioncliptrain00677,-1,-1,-1,-1,-1,-1,-1,1,-1,-1,-1,-1
actioncliptrain00820,-1,-1,-1,-1,1,-1,-1,-1,-1,-1,1,-1
actioncliptrain00748,-1,1,-1,-1,-1,-1,-1,-1,-1,-1,-1,-1
actioncliptrain00605,-1,-1,-1,-1,-1,-1,1,-1,-1,-1,-1,-1
actioncliptrain00181,-1,-1,-1,-1,-1,-1,1,-1,-1,-1,-1,-1
actioncliptrain00817,-1,-1,1,-1,1,-1,-1,-1,-1,-1,-1,-1
actioncliptrain00662,-1,-1,-1,-1,-1,-1,-1,-1,-1,-1,-1,1
actioncliptrain00414,-1,-1,-1,-1,-1,-1,1,-1,-1,1,-1,-1
actioncliptrain00663,-1,-1,-1,-1,1,-1,-1,-1,-1,-1,-1,-1
actioncliptrain00691,-1,-1,-1,-1,-1,-1,-1,1,-1,-1,-1,-1
actioncliptrain00080,-1,-1,-1,-1,-1,-1,-1,-1,1,-1,-1,-1
actioncliptrain00343,-1,-1,-1,-1,-1,-1,-1,-1,-1,-1,1,-1
actioncliptrain00216,-1,-1,-1,-1,-1,-1,-1,-1,-1,-1,1,-1
actioncliptrain00418,-1,-1,-1,-1,-1,-1,-1,-1,1,-1,-1,-1
actioncliptrain00215,-1,-1,-1,-1,-1,-1,-1,-1,1,-1,-1,-1
actioncliptrain00503,-1,-1,-1,-1,-1,-1,-1,-1,-1,1,-1,-1
actioncliptrain00244,-1,-1,-1,-1,-1,-1,1,-1,-1,-1,-1,-1
actioncliptrain00405,-1,-1,1,-1,1,-1,-1,-1,-1,-1,-1,-1
actioncliptrain00184,-1,-1,-1,-1,-1,-1,-1,-1,-1,-1,-1,1
actioncliptrain00322,-1,-1,-1,-1,1,-1,-1,-1,-1,-1,-1,-1
actioncliptrain00478,1,-1,-1,-1,-1,-1,-1,-1,-1,-1,-1,-1
actioncliptrain00271,-1,-1,-1,-1,-1,-1,-1,-1,-1,-1,-1,1
actioncliptrain00173,-1,-1,-1,-1,-1,-1,-1,-1,-1,-1,-1,1
actioncliptrain00563,-1,-1,-1,-1,-1,-1,-1,-1,-1,-1,-1,1
actioncliptrain00734,-1,-1,-1,-1,1,-1,-1,-1,-1,-1,-1,-1
actioncliptrain00106,-1,-1,-1,-1,-1,-1,-1,-1,1,-1,-1,-1
actioncliptrain00561,-1,1,-1,-1,-1,-1,-1,-1,-1,-1,-1,-1
actioncliptrain00530,-1,-1,-1,-1,-1,-1,-1,-1,1,-1,-1,-1
actioncliptrain00030,-1,1,-1,-1,-1,-1,-1,-1,-1,-1,-1,-1
actioncliptrain00674,-1,1,-1,-1,-1,-1,-1,-1,-1,-1,-1,-1
actioncliptrain00185,-1,-1,-1,-1,-1,-1,-1,-1,1,-1,-1,-1
actioncliptrain00627,-1,-1,-1,-1,-1,-1,-1,1,-1,-1,-1,-1
actioncliptrain00670,-1,-1,-1,-1,-1,-1,-1,-1,1,-1,-1,-1
actioncliptrain00795,-1,-1,1,-1,-1,-1,-1,-1,-1,-1,-1,-1
actioncliptrain00090,-1,-1,1,-1,-1,-1,-1,-1,-1,-1,-1,-1
actioncliptrain00624,-1,-1,-1,-1,-1,-1,-1,-1,-1,-1,-1,1
actioncliptrain00726,-1,-1,-1,-1,-1,-1,-1,-1,-1,-1,-1,1
actioncliptrain00483,1,-1,-1,-1,-1,-1,-1,-1,-1,-1,-1,-1
actioncliptrain00516,-1,1,-1,-1,-1,-1,-1,-1,-1,-1,-1,-1
actioncliptrain00214,-1,-1,-1,-1,-1,-1,-1,-1,1,-1,-1,-1
actioncliptrain00682,-1,-1,-1,-1,-1,-1,-1,-1,1,-1,-1,-1
actioncliptrain00585,-1,-1,-1,-1,-1,-1,1,-1,-1,-1,-1,-1
actioncliptrain00578,-1,-1,-1,-1,-1,-1,-1,-1,-1,-1,-1,1
actioncliptrain00633,-1,-1,-1,-1,-1,-1,-1,-1,-1,-1,1,-1
actioncliptrain00149,-1,-1,-1,-1,-1,-1,-1,-1,1,-1,-1,-1
actioncliptrain00235,-1,-1,1,-1,-1,-1,-1,-1,-1,-1,-1,-1
actioncliptrain00793,-1,-1,-1,-1,-1,-1,-1,-1,1,-1,-1,-1
actioncliptrain00023,-1,-1,-1,-1,-1,-1,-1,-1,-1,-1,-1,1
actioncliptrain00467,-1,-1,1,-1,-1,-1,-1,-1,-1,-1,-1,-1
actioncliptrain00111,-1,1,-1,-1,-1,-1,-1,-1,-1,-1,-1,-1
actioncliptrain00104,-1,-1,-1,-1,1,-1,-1,-1,-1,-1,-1,-1
actioncliptrain00518,-1,-1,-1,-1,-1,-1,-1,-1,-1,-1,1,-1
actioncliptrain00644,-1,-1,-1,1,-1,-1,-1,-1,-1,-1,-1,-1
actioncliptrain00211,-1,-1,-1,-1,-1,-1,1,-1,-1,1,-1,-1
actioncliptrain00325,-1,-1,-1,-1,1,-1,-1,-1,-1,-1,-1,-1
actioncliptrain00229,-1,-1,-1,-1,-1,-1,-1,1,-1,-1,-1,-1
actioncliptrain00559,-1,-1,-1,-1,1,-1,-1,-1,-1,-1,-1,-1
actioncliptrain00110,-1,-1,-1,-1,-1,-1,1,-1,-1,-1,-1,-1
actioncliptrain00687,-1,-1,-1,-1,-1,-1,-1,1,-1,-1,-1,-1
actioncliptrain00486,-1,-1,-1,-1,1,-1,-1,-1,-1,-1,-1,-1
actioncliptrain00419,-1,-1,-1,-1,-1,-1,-1,-1,1,-1,-1,-1
actioncliptrain00617,-1,1,-1,-1,-1,-1,-1,-1,-1,-1,-1,-1
actioncliptrain00454,-1,-1,-1,1,-1,-1,-1,-1,-1,-1,-1,-1
actioncliptrain00797,-1,-1,-1,-1,-1,-1,-1,-1,-1,1,-1,-1
actioncliptrain00085,-1,-1,1,-1,-1,-1,-1,-1,-1,-1,-1,-1
actioncliptrain00614,-1,-1,-1,-1,-1,-1,-1,-1,-1,-1,1,-1
actioncliptrain00033,-1,1,-1,-1,-1,-1,-1,-1,-1,-1,-1,-1
actioncliptrain00611,-1,-1,-1,1,-1,-1,-1,-1,-1,-1,-1,-1
actioncliptrain00313,-1,-1,-1,-1,-1,-1,1,-1,-1,-1,-1,-1
actioncliptrain00148,1,-1,-1,-1,-1,-1,-1,-1,-1,-1,-1,-1
actioncliptrain00800,-1,-1,1,-1,-1,-1,-1,-1,-1,-1,-1,-1
actioncliptrain00747,-1,1,-1,-1,-1,-1,-1,-1,-1,-1,-1,-1
actioncliptrain00416,-1,-1,-1,-1,-1,-1,-1,-1,1,-1,-1,-1
actioncliptrain00676,-1,-1,-1,-1,-1,-1,-1,-1,-1,-1,-1,1
actioncliptrain00609,-1,-1,-1,-1,-1,-1,1,-1,-1,1,-1,-1
actioncliptrain00218,-1,-1,-1,-1,-1,-1,-1,-1,1,-1,-1,-1
actioncliptrain00702,-1,-1,-1,-1,-1,-1,1,-1,-1,1,-1,-1
actioncliptrain00137,-1,-1,1,-1,1,-1,-1,-1,-1,-1,-1,-1
actioncliptrain00770,-1,-1,-1,-1,1,-1,-1,-1,-1,-1,-1,-1
actioncliptrain00092,-1,1,-1,-1,-1,-1,-1,-1,-1,-1,-1,-1
actioncliptrain00144,-1,-1,-1,-1,-1,-1,1,-1,-1,-1,-1,-1
actioncliptrain00593,1,-1,-1,-1,1,-1,-1,-1,-1,-1,-1,-1
actioncliptrain00449,-1,-1,-1,-1,-1,-1,1,-1,-1,-1,-1,-1
actioncliptrain00339,-1,-1,-1,-1,-1,-1,-1,-1,-1,-1,-1,1
actioncliptrain00158,-1,-1,-1,-1,1,-1,-1,-1,-1,-1,-1,-1
actioncliptrain00342,-1,-1,-1,-1,1,-1,-1,-1,-1,-1,-1,-1
actioncliptrain00312,-1,1,-1,-1,-1,-1,-1,-1,-1,-1,-1,-1
actioncliptrain00430,-1,-1,-1,-1,-1,-1,-1,-1,1,-1,-1,-1
actioncliptrain00409,-1,-1,-1,-1,-1,-1,-1,-1,-1,-1,-1,1
actioncliptrain00497,-1,1,-1,-1,-1,-1,-1,-1,-1,-1,-1,-1
actioncliptrain00594,-1,-1,-1,-1,-1,-1,-1,-1,-1,1,-1,-1
actioncliptrain00527,-1,-1,-1,-1,-1,-1,-1,1,-1,-1,-1,-1
actioncliptrain00287,-1,-1,-1,-1,-1,-1,-1,-1,1,1,-1,-1
actioncliptrain00086,-1,-1,1,-1,-1,-1,-1,-1,-1,-1,-1,-1
actioncliptrain00762,-1,-1,-1,-1,-1,-1,1,-1,-1,1,-1,-1
actioncliptrain00521,-1,1,-1,-1,-1,-1,-1,-1,-1,-1,-1,-1
actioncliptrain00711,-1,-1,-1,-1,1,-1,-1,-1,-1,-1,-1,1
actioncliptrain00451,-1,-1,-1,-1,-1,-1,-1,1,-1,-1,-1,-1
actioncliptrain00507,-1,-1,-1,-1,-1,1,-1,-1,-1,-1,-1,-1
actioncliptrain00001,-1,-1,-1,-1,-1,1,-1,-1,-1,-1,-1,-1
actioncliptrain00739,-1,-1,-1,-1,-1,-1,1,-1,-1,-1,-1,1
actioncliptrain00560,-1,-1,-1,-1,-1,-1,-1,1,-1,-1,-1,-1
actioncliptrain00780,-1,-1,-1,-1,-1,-1,-1,-1,1,-1,-1,-1
actioncliptrain00276,-1,-1,-1,-1,-1,-1,-1,-1,1,-1,-1,-1
actioncliptrain00694,-1,-1,-1,-1,-1,-1,-1,-1,-1,-1,-1,1
actioncliptrain00460,-1,1,-1,-1,-1,-1,-1,-1,-1,-1,-1,-1
actioncliptrain00316,-1,-1,-1,-1,-1,-1,1,-1,-1,-1,-1,-1
actioncliptrain00400,-1,-1,-1,-1,-1,-1,-1,-1,-1,-1,-1,1
actioncliptrain00025,-1,-1,-1,1,-1,-1,-1,-1,-1,-1,-1,-1
actioncliptrain00239,-1,1,-1,-1,-1,-1,-1,-1,-1,-1,-1,-1
actioncliptrain00787,-1,-1,-1,-1,1,-1,-1,-1,-1,-1,-1,-1
actioncliptrain00730,-1,-1,-1,-1,-1,-1,-1,-1,1,-1,-1,-1
actioncliptrain00547,-1,-1,-1,-1,1,-1,-1,-1,-1,-1,-1,-1
actioncliptrain00232,-1,-1,-1,-1,-1,1,-1,-1,-1,-1,-1,-1
actioncliptrain00258,-1,-1,-1,-1,-1,-1,-1,-1,-1,1,-1,-1
actioncliptrain00128,-1,-1,-1,-1,-1,-1,-1,-1,-1,-1,-1,1
actioncliptrain00650,-1,-1,-1,-1,-1,-1,-1,1,1,-1,-1,-1
actioncliptrain00112,-1,-1,-1,-1,-1,-1,-1,-1,1,-1,-1,-1
actioncliptrain00485,-1,-1,-1,-1,-1,-1,-1,-1,-1,-1,-1,1
actioncliptrain00138,-1,-1,-1,-1,1,-1,-1,-1,-1,-1,-1,-1
actioncliptrain00190,-1,1,-1,-1,-1,-1,-1,-1,-1,-1,-1,-1
actioncliptrain00274,-1,-1,-1,-1,1,-1,-1,-1,-1,-1,-1,-1
actioncliptrain00256,-1,-1,-1,-1,1,-1,-1,-1,-1,-1,-1,-1
actioncliptrain00275,-1,-1,-1,-1,-1,-1,-1,-1,-1,1,-1,-1
actioncliptrain00230,-1,-1,-1,-1,-1,-1,1,-1,-1,1,-1,-1
actioncliptrain00368,-1,-1,-1,-1,-1,-1,-1,-1,1,-1,-1,-1
actioncliptrain00010,-1,1,-1,-1,-1,-1,-1,-1,-1,-1,-1,-1
actioncliptrain00515,-1,-1,-1,-1,-1,-1,-1,-1,1,-1,-1,-1
actioncliptrain00488,-1,-1,-1,1,-1,-1,-1,-1,-1,-1,-1,-1
actioncliptrain00637,-1,-1,-1,-1,-1,-1,-1,-1,-1,-1,-1,1
actioncliptrain00428,-1,-1,-1,-1,-1,-1,-1,-1,1,-1,-1,-1
actioncliptrain00195,-1,-1,-1,1,1,-1,-1,-1,-1,-1,-1,1
actioncliptrain00193,-1,-1,-1,-1,1,-1,-1,-1,-1,-1,-1,-1
actioncliptrain00809,-1,-1,-1,-1,1,-1,-1,-1,-1,-1,-1,-1
actioncliptrain00529,-1,-1,-1,-1,-1,-1,-1,-1,1,-1,-1,-1
actioncliptrain00134,-1,-1,-1,1,-1,-1,-1,-1,-1,-1,-1,1
actioncliptrain00557,-1,-1,-1,-1,1,-1,-1,-1,-1,-1,-1,-1
actioncliptrain00546,-1,-1,-1,-1,-1,-1,-1,-1,-1,-1,-1,1
actioncliptrain00750,-1,1,-1,-1,-1,-1,-1,-1,-1,-1,-1,-1
actioncliptrain00709,-1,-1,-1,-1,-1,1,-1,-1,-1,-1,-1,1
actioncliptrain00358,-1,-1,-1,-1,-1,-1,-1,-1,-1,-1,-1,1
actioncliptrain00373,-1,-1,-1,-1,-1,-1,-1,-1,1,-1,-1,-1
actioncliptrain00192,-1,-1,-1,1,-1,-1,-1,-1,-1,-1,-1,-1
actioncliptrain00634,-1,-1,-1,-1,1,-1,-1,-1,-1,-1,-1,-1
actioncliptrain00772,-1,-1,-1,-1,-1,-1,1,-1,-1,1,-1,-1
actioncliptrain00713,-1,-1,1,-1,-1,-1,-1,-1,-1,-1,-1,1
actioncliptrain00811,-1,-1,-1,1,-1,-1,-1,-1,-1,1,-1,-1
actioncliptrain00064,-1,-1,-1,-1,1,-1,-1,-1,-1,-1,-1,-1
actioncliptrain00621,-1,-1,-1,-1,-1,-1,1,-1,-1,-1,-1,-1
actioncliptrain00808,-1,-1,-1,-1,-1,-1,-1,-1,-1,-1,1,-1
actioncliptrain00468,-1,-1,-1,-1,-1,-1,-1,-1,-1,-1,1,-1
actioncliptrain00054,-1,1,-1,-1,-1,-1,-1,-1,-1,-1,-1,-1
actioncliptrain00375,-1,-1,-1,-1,-1,-1,-1,-1,-1,1,-1,-1
actioncliptrain00693,-1,-1,-1,-1,-1,-1,-1,-1,1,-1,-1,-1
actioncliptrain00101,1,-1,-1,-1,1,-1,-1,-1,-1,-1,-1,-1
actioncliptrain00446,-1,-1,-1,1,-1,-1,-1,-1,-1,-1,-1,-1
actioncliptrain00168,-1,-1,-1,-1,1,-1,-1,-1,-1,-1,-1,-1
actioncliptrain00272,-1,-1,-1,-1,1,-1,-1,-1,-1,-1,-1,-1
actioncliptrain00763,-1,-1,-1,-1,-1,-1,1,-1,-1,-1,-1,-1
actioncliptrain00008,-1,-1,-1,-1,-1,-1,-1,1,-1,-1,-1,-1
actioncliptrain00514,-1,-1,-1,-1,-1,-1,-1,-1,1,-1,-1,-1
actioncliptrain00317,-1,-1,-1,-1,-1,-1,-1,-1,-1,-1,-1,1
actioncliptrain00572,1,-1,-1,-1,-1,-1,-1,-1,-1,-1,-1,-1
actioncliptrain00689,-1,-1,-1,-1,1,-1,-1,-1,-1,-1,-1,-1
actioncliptrain00798,-1,-1,-1,1,-1,-1,-1,-1,-1,-1,-1,-1
actioncliptrain00555,-1,-1,-1,-1,-1,-1,-1,-1,-1,-1,-1,1
actioncliptrain00266,1,-1,-1,-1,-1,-1,-1,-1,-1,-1,-1,-1
actioncliptrain00259,-1,-1,-1,-1,-1,-1,1,-1,-1,1,-1,-1
actioncliptrain00378,-1,-1,-1,-1,-1,-1,-1,-1,1,-1,-1,-1
actioncliptrain00715,-1,-1,1,-1,-1,-1,-1,-1,-1,-1,-1,-1
actioncliptrain00323,-1,-1,-1,-1,-1,-1,1,-1,-1,1,-1,-1
actioncliptrain00461,-1,1,-1,-1,-1,-1,-1,-1,-1,-1,-1,-1
actioncliptrain00024,-1,-1,-1,-1,-1,-1,-1,-1,-1,-1,-1,1
actioncliptrain00822,-1,-1,-1,-1,-1,-1,-1,-1,-1,-1,1,-1
actioncliptrain00745,-1,1,-1,-1,-1,-1,-1,-1,-1,-1,-1,-1
actioncliptrain00749,-1,1,-1,-1,-1,-1,-1,-1,-1,-1,-1,-1
actioncliptrain00782,-1,-1,-1,-1,1,-1,-1,-1,-1,-1,-1,-1
actioncliptrain00591,-1,-1,-1,-1,-1,-1,-1,-1,1,-1,-1,-1
actioncliptrain00588,-1,-1,1,-1,-1,-1,-1,-1,-1,-1,-1,-1
actioncliptrain00760,-1,-1,-1,-1,1,-1,-1,-1,-1,-1,-1,-1
actioncliptrain00391,-1,-1,-1,-1,-1,-1,-1,-1,1,-1,-1,-1
actioncliptrain00066,1,-1,-1,-1,-1,-1,-1,-1,-1,-1,-1,-1
actioncliptrain00619,-1,-1,-1,-1,-1,-1,-1,-1,-1,-1,-1,1
actioncliptrain00113,-1,-1,1,-1,-1,-1,-1,-1,1,-1,-1,-1
actioncliptrain00326,-1,-1,-1,-1,1,-1,-1,-1,-1,-1,-1,-1
actioncliptrain00004,-1,-1,-1,1,-1,-1,-1,-1,-1,-1,-1,-1
actioncliptrain00109,-1,-1,-1,-1,-1,-1,-1,-1,1,-1,-1,-1
actioncliptrain00636,1,-1,-1,-1,-1,-1,-1,-1,-1,1,-1,-1
actioncliptrain00250,-1,-1,-1,-1,-1,-1,-1,1,-1,-1,-1,-1
actioncliptrain00638,-1,-1,-1,-1,-1,-1,-1,-1,-1,1,-1,-1
actioncliptrain00814,-1,-1,1,-1,-1,-1,-1,-1,-1,-1,-1,-1
actioncliptrain00723,-1,-1,-1,-1,-1,-1,-1,-1,1,-1,-1,-1
actioncliptrain00283,-1,-1,-1,-1,1,-1,-1,-1,-1,-1,-1,-1
actioncliptrain00539,-1,-1,-1,-1,1,-1,-1,-1,-1,-1,-1,-1
actioncliptrain00341,-1,-1,-1,-1,1,-1,-1,-1,-1,-1,-1,-1
actioncliptrain00153,-1,-1,-1,-1,1,-1,-1,-1,-1,-1,-1,-1
actioncliptrain00018,-1,-1,-1,-1,-1,-1,1,-1,-1,-1,-1,-1
actioncliptrain00552,-1,1,-1,-1,-1,-1,-1,-1,-1,-1,-1,-1
actioncliptrain00226,-1,-1,-1,1,-1,-1,-1,-1,-1,-1,-1,-1
actioncliptrain00221,-1,-1,-1,-1,-1,-1,-1,-1,1,-1,-1,-1
actioncliptrain00204,-1,-1,-1,-1,-1,-1,1,-1,-1,-1,1,-1
actioncliptrain00223,-1,-1,-1,-1,-1,-1,1,-1,-1,-1,-1,-1
actioncliptrain00482,-1,-1,-1,-1,1,-1,-1,-1,-1,-1,-1,-1
actioncliptrain00431,-1,-1,-1,-1,-1,-1,-1,-1,1,-1,-1,-1
actioncliptrain00261,1,-1,-1,-1,-1,-1,-1,-1,-1,1,-1,-1
actioncliptrain00620,-1,-1,-1,-1,-1,-1,-1,-1,-1,1,-1,-1
actioncliptrain00135,-1,-1,-1,1,-1,-1,-1,-1,-1,-1,-1,-1
actioncliptrain00575,-1,-1,-1,1,-1,-1,-1,-1,-1,-1,-1,-1
actioncliptrain00759,-1,-1,-1,-1,-1,-1,-1,-1,-1,-1,1,-1
actioncliptrain00351,-1,-1,-1,-1,-1,-1,-1,-1,-1,-1,1,-1
actioncliptrain00180,-1,-1,-1,-1,-1,-1,1,-1,-1,-1,-1,-1
actioncliptrain00059,-1,-1,-1,1,-1,-1,-1,-1,-1,-1,-1,-1
actioncliptrain00661,-1,-1,-1,-1,-1,-1,1,-1,-1,-1,-1,-1
actioncliptrain00291,-1,1,-1,-1,-1,-1,-1,-1,-1,-1,-1,-1
actioncliptrain00641,-1,-1,-1,-1,1,-1,-1,-1,-1,-1,-1,-1
actioncliptrain00686,-1,-1,-1,-1,-1,-1,-1,1,-1,-1,-1,-1
actioncliptrain00213,-1,-1,-1,-1,-1,-1,-1,-1,1,-1,-1,-1
actioncliptrain00130,-1,-1,-1,-1,-1,-1,-1,-1,1,-1,-1,-1
actioncliptrain00568,-1,-1,-1,-1,-1,-1,1,-1,-1,-1,-1,-1
actioncliptrain00262,-1,-1,-1,-1,-1,1,-1,-1,-1,-1,-1,-1
actioncliptrain00333,-1,-1,-1,-1,-1,-1,-1,-1,-1,-1,1,-1
actioncliptrain00441,-1,-1,-1,-1,-1,-1,-1,-1,-1,-1,1,-1
actioncliptrain00040,-1,-1,-1,-1,-1,-1,1,-1,-1,-1,-1,-1
actioncliptrain00783,-1,-1,-1,1,-1,-1,-1,-1,-1,-1,-1,-1
actioncliptrain00393,-1,-1,-1,-1,-1,-1,-1,-1,1,-1,-1,-1
actioncliptrain00639,-1,-1,-1,-1,-1,1,-1,-1,-1,-1,-1,-1
actioncliptrain00308,-1,1,-1,-1,-1,-1,-1,-1,-1,-1,-1,-1
actioncliptrain00073,1,-1,-1,-1,1,-1,-1,-1,-1,-1,-1,-1
actioncliptrain00360,-1,-1,-1,-1,-1,-1,-1,-1,1,-1,-1,-1
actioncliptrain00725,-1,-1,1,-1,-1,-1,-1,-1,-1,-1,-1,-1
actioncliptrain00752,-1,-1,-1,-1,-1,-1,-1,-1,1,-1,-1,-1
actioncliptrain00263,-1,-1,-1,-1,-1,-1,-1,-1,-1,-1,-1,1
actioncliptrain00269,1,-1,-1,-1,-1,-1,-1,-1,-1,-1,-1,-1
actioncliptrain00437,-1,-1,-1,-1,-1,-1,-1,-1,-1,1,-1,-1
actioncliptrain00669,-1,-1,-1,-1,-1,1,-1,-1,-1,-1,-1,-1
actioncliptrain00626,-1,-1,-1,-1,-1,-1,1,-1,-1,-1,-1,-1
actioncliptrain00359,1,-1,-1,-1,-1,-1,-1,-1,-1,-1,-1,-1
actioncliptrain00598,-1,1,-1,-1,-1,-1,-1,-1,-1,-1,-1,-1
actioncliptrain00017,-1,-1,-1,-1,-1,-1,1,-1,-1,-1,-1,-1
actioncliptrain00656,-1,-1,-1,-1,1,-1,-1,-1,-1,-1,-1,-1
actioncliptrain00570,-1,-1,-1,-1,-1,-1,1,-1,-1,-1,-1,-1
actioncliptrain00132,-1,-1,-1,-1,-1,-1,-1,-1,1,-1,-1,-1
actioncliptrain00136,-1,-1,-1,-1,1,-1,-1,-1,-1,-1,-1,-1
actioncliptrain00659,-1,-1,-1,-1,-1,-1,1,-1,-1,-1,-1,-1
actioncliptrain00554,-1,-1,-1,-1,1,-1,-1,-1,-1,-1,-1,-1
actioncliptrain00329,-1,-1,-1,-1,-1,-1,-1,-1,-1,-1,1,-1
actioncliptrain00487,-1,-1,-1,-1,-1,-1,-1,-1,-1,-1,-1,1
actioncliptrain00756,-1,-1,-1,-1,-1,-1,-1,1,-1,-1,-1,-1
actioncliptrain00252,-1,-1,-1,1,-1,-1,-1,-1,-1,-1,-1,-1
actioncliptrain00172,-1,-1,1,-1,-1,-1,-1,-1,-1,-1,-1,-1
actioncliptrain00156,-1,-1,-1,-1,1,-1,-1,-1,-1,-1,-1,-1
actioncliptrain00102,-1,-1,-1,-1,1,-1,-1,-1,-1,-1,-1,-1
actioncliptrain00476,-1,-1,-1,-1,1,-1,-1,-1,-1,1,-1,-1
actioncliptrain00658,-1,-1,-1,-1,-1,-1,1,-1,-1,-1,-1,-1
actioncliptrain00118,-1,-1,1,-1,1,-1,-1,-1,-1,-1,-1,-1
actioncliptrain00592,-1,-1,-1,-1,-1,-1,-1,-1,-1,-1,-1,1
actioncliptrain00302,-1,-1,-1,-1,-1,-1,-1,-1,-1,-1,-1,1
actioncliptrain00576,-1,1,-1,-1,-1,-1,-1,-1,-1,-1,-1,-1
actioncliptrain00458,-1,-1,-1,-1,1,-1,-1,-1,-1,-1,-1,-1
actioncliptrain00210,-1,-1,-1,-1,-1,-1,1,-1,-1,-1,-1,-1
actioncliptrain00439,-1,-1,-1,-1,1,-1,-1,-1,-1,-1,-1,-1
actioncliptrain00629,-1,-1,-1,1,-1,-1,-1,-1,-1,-1,-1,-1
actioncliptrain00654,-1,-1,-1,-1,1,-1,-1,-1,-1,-1,-1,-1
actioncliptrain00194,-1,-1,-1,1,-1,-1,-1,-1,-1,-1,-1,-1
actioncliptrain00695,-1,-1,-1,-1,1,-1,-1,-1,-1,-1,-1,-1
actioncliptrain00492,-1,1,-1,-1,-1,-1,-1,-1,-1,-1,-1,-1
actioncliptrain00200,-1,-1,-1,-1,-1,-1,-1,-1,-1,-1,-1,1
actioncliptrain00586,-1,-1,1,-1,-1,-1,-1,-1,-1,-1,-1,-1
actioncliptrain00615,-1,-1,-1,-1,-1,-1,-1,-1,-1,-1,1,-1
actioncliptrain00046,-1,-1,-1,-1,-1,-1,1,-1,-1,-1,-1,-1
actioncliptrain00238,-1,-1,-1,-1,1,-1,1,-1,-1,-1,-1,1
actioncliptrain00399,-1,-1,-1,-1,-1,-1,-1,-1,1,-1,-1,-1
actioncliptrain00522,-1,-1,-1,-1,-1,-1,-1,1,1,-1,-1,-1
actioncliptrain00630,-1,-1,-1,-1,-1,-1,1,-1,-1,-1,-1,-1
actioncliptrain00502,-1,-1,-1,-1,-1,-1,-1,-1,-1,1,-1,-1
actioncliptrain00496,-1,-1,-1,-1,-1,-1,-1,-1,1,-1,-1,-1
actioncliptrain00042,-1,1,-1,-1,-1,-1,-1,-1,-1,-1,-1,-1
actioncliptrain00372,-1,-1,-1,-1,1,-1,-1,-1,-1,-1,-1,-1
actioncliptrain00735,-1,-1,1,-1,-1,-1,-1,-1,1,-1,-1,-1
actioncliptrain00310,-1,-1,-1,-1,-1,-1,-1,1,-1,-1,-1,-1
actioncliptrain00579,-1,-1,-1,-1,-1,-1,-1,-1,1,-1,-1,-1
actioncliptrain00349,-1,-1,-1,-1,-1,-1,-1,-1,-1,-1,-1,1
actioncliptrain00328,-1,-1,-1,-1,-1,-1,-1,-1,-1,-1,1,-1
actioncliptrain00742,-1,1,-1,-1,-1,-1,-1,-1,-1,-1,-1,-1
actioncliptrain00672,-1,-1,1,-1,-1,-1,-1,-1,-1,-1,-1,-1
actioncliptrain00281,-1,-1,-1,-1,-1,-1,-1,-1,1,-1,-1,-1
actioncliptrain00047,-1,-1,-1,-1,-1,-1,1,-1,-1,1,-1,-1
actioncliptrain00537,-1,-1,-1,-1,-1,-1,-1,-1,-1,-1,1,-1
actioncliptrain00738,-1,-1,-1,-1,-1,-1,1,-1,-1,-1,-1,-1
actioncliptrain00698,-1,-1,-1,-1,1,-1,-1,-1,-1,-1,-1,-1
actioncliptrain00489,-1,-1,-1,-1,-1,-1,-1,-1,1,-1,-1,-1
actioncliptrain00022,-1,-1,-1,-1,1,-1,-1,-1,-1,-1,-1,-1
actioncliptrain00031,-1,-1,-1,-1,-1,-1,-1,1,-1,-1,-1,-1
actioncliptrain00818,-1,-1,1,-1,-1,-1,-1,-1,-1,-1,-1,-1
actioncliptrain00470,-1,-1,-1,-1,-1,-1,-1,1,-1,-1,-1,-1
actioncliptrain00154,-1,-1,-1,-1,-1,-1,-1,-1,-1,-1,-1,1
actioncliptrain00544,-1,-1,-1,-1,1,-1,-1,-1,-1,-1,1,-1
actioncliptrain00771,-1,-1,-1,-1,-1,-1,-1,-1,-1,-1,-1,1
actioncliptrain00541,-1,-1,-1,-1,-1,-1,-1,1,-1,-1,-1,-1
actioncliptrain00163,-1,-1,-1,-1,-1,-1,1,-1,-1,-1,-1,-1
actioncliptrain00805,-1,-1,-1,-1,1,-1,-1,-1,-1,-1,-1,-1
actioncliptrain00813,-1,-1,1,-1,-1,-1,-1,-1,-1,-1,-1,-1
actioncliptrain00423,-1,-1,-1,-1,-1,-1,-1,-1,1,-1,-1,-1
actioncliptrain00248,-1,-1,-1,-1,-1,-1,-1,1,-1,-1,-1,-1
actioncliptrain00119,-1,1,-1,-1,-1,-1,-1,-1,-1,-1,-1,-1
actioncliptrain00447,-1,-1,-1,-1,1,-1,-1,-1,-1,-1,-1,-1
actioncliptrain00089,-1,-1,-1,-1,-1,-1,-1,-1,1,-1,-1,-1
actioncliptrain00596,-1,-1,-1,-1,-1,-1,-1,-1,-1,-1,1,-1
actioncliptrain00714,-1,-1,-1,-1,-1,-1,-1,-1,-1,-1,1,-1
actioncliptrain00471,-1,-1,-1,-1,-1,-1,-1,1,-1,-1,-1,-1
actioncliptrain00538,-1,-1,-1,-1,-1,-1,-1,-1,-1,-1,1,-1
actioncliptrain00394,-1,-1,-1,-1,-1,-1,-1,-1,1,-1,-1,-1
actioncliptrain00569,-1,1,-1,-1,-1,-1,-1,-1,-1,-1,-1,-1
actioncliptrain00649,-1,-1,-1,-1,-1,-1,-1,-1,1,-1,-1,-1
actioncliptrain00415,-1,-1,-1,-1,-1,-1,-1,-1,1,-1,-1,-1
actioncliptrain00311,-1,-1,-1,-1,-1,-1,-1,1,-1,-1,-1,-1
actioncliptrain00175,-1,-1,-1,-1,-1,-1,1,-1,-1,-1,-1,-1
actioncliptrain00810,-1,-1,-1,-1,-1,-1,-1,-1,-1,-1,1,-1
actioncliptrain00222,-1,-1,-1,-1,1,-1,-1,-1,-1,-1,-1,-1
actioncliptrain00217,-1,-1,-1,-1,-1,-1,-1,-1,1,-1,-1,-1
actioncliptrain00013,-1,-1,-1,-1,-1,1,-1,-1,-1,-1,-1,-1
actioncliptrain00260,1,-1,-1,-1,-1,-1,-1,-1,-1,-1,-1,-1
actioncliptrain00761,-1,-1,-1,-1,-1,-1,-1,1,-1,-1,-1,-1
actioncliptrain00504,-1,1,-1,-1,-1,-1,-1,-1,-1,-1,-1,-1
actioncliptrain00542,-1,-1,-1,-1,-1,-1,-1,-1,-1,-1,1,-1
actioncliptrain00520,-1,-1,-1,-1,-1,-1,-1,1,1,-1,-1,-1
actioncliptrain00162,-1,1,-1,-1,-1,-1,-1,-1,-1,-1,-1,-1
actioncliptrain00481,-1,-1,-1,-1,-1,-1,-1,-1,-1,-1,-1,1
actioncliptrain00613,-1,-1,-1,-1,-1,-1,-1,-1,-1,-1,-1,1
actioncliptrain00028,-1,-1,-1,-1,-1,1,-1,-1,-1,-1,-1,-1
actioncliptrain00632,-1,-1,-1,-1,-1,-1,1,-1,-1,-1,-1,-1
actioncliptrain00007,-1,1,-1,-1,-1,-1,-1,-1,-1,-1,-1,-1
actioncliptrain00528,-1,-1,-1,-1,-1,-1,-1,-1,1,-1,-1,-1
actioncliptrain00599,-1,1,-1,-1,-1,-1,-1,-1,-1,-1,-1,-1
actioncliptrain00219,-1,-1,-1,-1,-1,-1,-1,-1,1,-1,-1,-1
actioncliptrain00623,-1,-1,-1,-1,-1,-1,1,-1,-1,-1,-1,-1
actioncliptrain00404,-1,-1,-1,-1,-1,-1,-1,-1,-1,1,-1,-1
actioncliptrain00176,-1,-1,-1,-1,1,-1,-1,-1,-1,-1,-1,-1
actioncliptrain00801,-1,-1,1,-1,-1,-1,-1,-1,-1,-1,-1,-1
actioncliptrain00227,-1,-1,-1,-1,1,-1,-1,-1,-1,-1,-1,-1
actioncliptrain00412,-1,-1,-1,-1,-1,-1,-1,-1,1,-1,-1,-1
actioncliptrain00823,-1,-1,-1,-1,1,-1,-1,-1,-1,-1,-1,-1
actioncliptrain00741,-1,-1,-1,-1,-1,-1,-1,-1,-1,-1,-1,1
actioncliptrain00692,-1,-1,-1,-1,-1,-1,-1,-1,1,-1,-1,-1
actioncliptrain00285,-1,-1,-1,-1,-1,-1,1,-1,-1,-1,-1,-1
actioncliptrain00278,-1,-1,-1,1,-1,-1,-1,-1,-1,-1,-1,-1
actioncliptrain00264,-1,1,-1,-1,-1,-1,-1,-1,-1,-1,-1,-1
actioncliptrain00019,-1,-1,-1,1,-1,-1,-1,-1,-1,-1,-1,-1
actioncliptrain00532,-1,-1,-1,-1,-1,-1,-1,-1,1,-1,-1,-1
actioncliptrain00407,-1,-1,-1,-1,-1,-1,-1,-1,-1,1,-1,-1
actioncliptrain00413,-1,-1,-1,-1,-1,-1,-1,-1,-1,-1,-1,1
actioncliptrain00435,-1,-1,-1,-1,1,-1,-1,-1,-1,-1,-1,-1
actioncliptrain00055,-1,-1,-1,-1,-1,-1,1,-1,-1,1,-1,-1
actioncliptrain00684,-1,-1,1,-1,-1,-1,-1,-1,-1,-1,-1,-1
actioncliptrain00744,-1,-1,-1,-1,-1,1,-1,-1,-1,-1,-1,-1
actioncliptrain00324,-1,-1,-1,-1,1,-1,-1,-1,-1,-1,-1,-1
actioncliptrain00710,-1,-1,-1,-1,-1,-1,1,-1,-1,-1,-1,-1
actioncliptrain00618,-1,-1,-1,-1,-1,-1,-1,-1,-1,-1,-1,1
actioncliptrain00784,-1,-1,-1,-1,-1,-1,-1,-1,-1,1,-1,1
